
-- Inserir dados na tabela Pais
INSERT INTO Pais (Nome) VALUES 
('Brasil'),
('Portugal'),
('Espanha'),
('Argentina'),
('Itália'),
('França'),
('Alemanha'),
('Holanda'),
('Rússia'),
('China'),
('Japão'),
('Austrália'),
('Estados Unidos'),
('Canadá'),
('México'),
('Chile'),
('Peru'),
('Colômbia'),
('Uruguai'),
('Paraguai');

-- Inserir dados na tabela Entidade_Organizadora
INSERT INTO Entidade_Organizadora (Nome, IdPais) VALUES 
('Confederação Brasileira de Voleibol', 1),
('Federação Portuguesa de Voleibol', 2),
('Federación Española de Voleibol', 3),
('Federación Argentina de Voleibol', 4),
('Federazione Italiana Pallavolo', 5),
('Fédération Française de Volleyball', 6),
('Deutscher Volleyball-Verband', 7),
('Nederlandse Volleybalbond', 8),
('Всероссийская федерация волейбола', 9),
('Chinese Volleyball Association', 10),
('日本バレーボール協会', 11),
('Volleyball Australia', 12),
('USA Volleyball', 13),
('Volleyball Canada', 14),
('Federación Mexicana de Voleibol', 15),
('Federación de Voleibol de Chile', 16),
('Federación Peruana de Voleibol', 17),
('Federación Colombiana de Voleibol', 18),
('Federación Uruguaya de Voleibol', 19),
('Federación Paraguaya de Voleibol', 20);

-- Inserir dados na tabela Estadio
INSERT INTO Estadio (Nome, Capacidade) VALUES 
('Ginásio do Maracanãzinho', 12000),
('Pavilhão Atlântico', 20000),
('Palácio dos Desportos de Madri', 15000),
('Estadio Luna Park', 10000),
('PalaLottomatica', 11000),
('AccorHotels Arena', 16000),
('Max-Schmeling-Halle', 14000),
('Ahoy Rotterdam', 16000),
('Olimpiyskiy Stadium', 35000),
('Beijing Gymnasium', 19000),
('Yoyogi National Gymnasium', 13500),
('Qudos Bank Arena', 21000),
('Staples Center', 20000),
('Rogers Centre', 50000),
('Arena Monterrey', 17500),
('Movistar Arena', 17000),
('Estadio Nacional', 25000),
('Coliseo El Campín', 14000),
('Antel Arena', 15000),
('Arena SND', 10000);

-- Inserir dados na tabela Resultado
INSERT INTO Resultado (Descricao) VALUES 
('Vitória por 3-0'),
('Vitória por 3-1'),
('Vitória por 3-2'),
('Derrota por 0-3'),
('Derrota por 1-3'),
('Derrota por 2-3'),
('Empate 2-2'),
('Empate 1-1'),
('Sem resultado'),
('Adiado');

-- Inserir dados na tabela Pessoa
INSERT INTO Pessoa (Nome, Cidade, Morada, Bairro) VALUES 
('Carlos Silva', 'Rio de Janeiro', 'Rua A', 'Bairro 1'),
('Ana Pereira', 'São Paulo', 'Rua B', 'Bairro 2'),
('Marcos Almeida', 'Lisboa', 'Rua C', 'Bairro 3'),
('Joana Costa', 'Porto', 'Rua D', 'Bairro 4'),
('Luis Santos', 'Madrid', 'Rua E', 'Bairro 5'),
('Maria Gomez', 'Barcelona', 'Rua F', 'Bairro 6'),
('Pedro Martinez', 'Buenos Aires', 'Rua G', 'Bairro 7'),
('Lucia Fernandez', 'Rosario', 'Rua H', 'Bairro 8'),
('Antonio Rossi', 'Roma', 'Rua I', 'Bairro 9'),
('Sofia Bianchi', 'Milão', 'Rua J', 'Bairro 10'),
('Jean Dupont', 'Paris', 'Rua K', 'Bairro 11'),
('Isabelle Martin', 'Lyon', 'Rua L', 'Bairro 12'),
('Hans Müller', 'Berlim', 'Rua M', 'Bairro 13'),
('Klaus Schmidt', 'Munique', 'Rua N', 'Bairro 14'),
('Jan Jansen', 'Amsterdã', 'Rua O', 'Bairro 15'),
('Emma de Vries', 'Roterdã', 'Rua P', 'Bairro 16'),
('Ivan Ivanov', 'Moscou', 'Rua Q', 'Bairro 17'),
('Olga Smirnova', 'São Petersburgo', 'Rua R', 'Bairro 18'),
('Li Wei', 'Pequim', 'Rua S', 'Bairro 19'),
('Wang Fang', 'Xangai', 'Rua T', 'Bairro 20');

-- Inserir dados na tabela FichaTecnica
INSERT INTO FichaTecnica (DataNascimento, Altura, Peso, IdPessoa) VALUES 
('1990-01-01', 1.85, 80, 1),
('1992-02-02', 1.78, 65, 2),
('1988-03-03', 1.90, 85, 3),
('1994-04-04', 1.75, 70, 4),
('1991-05-05', 1.82, 75, 5),
('1993-06-06', 1.88, 80, 6),
('1989-07-07', 1.95, 90, 7),
('1995-08-08', 1.80, 68, 8),
('1990-09-09', 1.85, 78, 9),
('1992-10-10', 1.78, 72, 10),
('1988-11-11', 1.92, 85, 11),
('1994-12-12', 1.77, 70, 12),
('1991-01-13', 1.84, 75, 13),
('1993-02-14', 1.90, 80, 14),
('1989-03-15', 1.96, 90, 15),
('1995-04-16', 1.81, 68, 16),
('1990-05-17', 1.86, 78, 17),
('1992-06-18', 1.79, 72, 18),
('1988-07-19', 1.93, 85, 19),
('1994-08-20', 1.76, 70, 20);

-- Inserir dados na tabela Treinador
INSERT INTO Treinador (Nome, Especialidade, AnosExperiencia, IdPessoa) VALUES 
('Carlos Silva', 'Técnico Principal', 10, 1),
('Ana Pereira', 'Auxiliar Técnico', 8, 2),
('Marcos Almeida', 'Preparador Físico', 12, 3),
('Joana Costa', 'Analista de Desempenho', 5, 4),
('Luis Santos', 'Técnico Principal', 15, 5),
('Maria Gomez', 'Auxiliar Técnico', 9, 6),
('Pedro Martinez', 'Preparador Físico', 10, 7),
('Lucia Fernandez', 'Analista de Desempenho', 6, 8),
('Antonio Rossi', 'Técnico Principal', 14, 9),
('Sofia Bianchi', 'Auxiliar Técnico', 7, 10),
('Jean Dupont', 'Preparador Físico', 11, 11),
('Isabelle Martin', 'Analista de Desempenho', 4, 12),
('Hans Müller', 'Técnico Principal', 13, 13),
('Klaus Schmidt', 'Auxiliar Técnico', 8, 14),
('Jan Jansen', 'Preparador Físico', 9, 15),
('Emma de Vries', 'Analista de Desempenho', 5, 16),
('Ivan Ivanov', 'Técnico Principal', 12, 17),
('Olga Smirnova', 'Auxiliar Técnico', 6, 18),
('Li Wei', 'Preparador Físico', 10, 19),
('Wang Fang', 'Analista de Desempenho', 7, 20);

-- Inserir dados na tabela Equipa
INSERT INTO Equipa (NomeEquipa, IdadeDaEquipa, IdPais) VALUES 
('Equipe A', 10, 1),
('Equipe B', 8, 2),
('Equipe C', 12, 3),
('Equipe D', 5, 4),
('Equipe E', 15, 5),
('Equipe F', 9, 6),
('Equipe G', 10, 7),
('Equipe H', 6, 8),
('Equipe I', 14, 9),
('Equipe J', 7, 10),
('Equipe K', 11, 11),
('Equipe L', 4, 12),
('Equipe M', 13, 13),
('Equipe N', 8, 14),
('Equipe O', 9, 15),
('Equipe P', 5, 16),
('Equipe Q', 12, 17),
('Equipe R', 6, 18),
('Equipe S', 10, 19),
('Equipe T', 7, 20);

-- Inserir dados na tabela Atleta
INSERT INTO Atleta (Nome, Posicao, NumeroCamiseta, Capitao, IdPessoa, IdEquipa) VALUES 
('Carlos Silva', 'Levantador', 1, TRUE, 1, 1),
('Ana Pereira', 'Oposto', 2, FALSE, 2, 1),
('Marcos Almeida', 'Ponteiro', 3, FALSE, 3, 2),
('Joana Costa', 'Central', 4, FALSE, 4, 2),
('Luis Santos', 'Líbero', 5, TRUE, 5, 3),
('Maria Gomez', 'Levantador', 6, FALSE, 6, 3),
('Pedro Martinez', 'Oposto', 7, FALSE, 7, 4),
('Lucia Fernandez', 'Ponteiro', 8, FALSE, 8, 4),
('Antonio Rossi', 'Central', 9, TRUE, 9, 5),
('Sofia Bianchi', 'Líbero', 10, FALSE, 10, 5),
('Jean Dupont', 'Levantador', 11, FALSE, 11, 6),
('Isabelle Martin', 'Oposto', 12, FALSE, 12, 6),
('Hans Müller', 'Ponteiro', 13, TRUE, 13, 7),
('Klaus Schmidt', 'Central', 14, FALSE, 14, 7),
('Jan Jansen', 'Líbero', 15, FALSE, 15, 8),
('Emma de Vries', 'Levantador', 16, FALSE, 16, 8),
('Ivan Ivanov', 'Oposto', 17, FALSE, 17, 9),
('Olga Smirnova', 'Ponteiro', 18, TRUE, 18, 9),
('Li Wei', 'Central', 19, FALSE, 19, 10),
('Wang Fang', 'Líbero', 20, FALSE, 20, 10);

-- Inserir dados na tabela Evento
INSERT INTO Evento (Nome, NomeEvento, Jornada, Hora, Modalidade, IdEstadio, IdResultado, IdEntidade_Organizadora, IdPais) VALUES
('Evento 1', 'Torneio 1', '1', '12:00:00', 'Vôlei', 1, 1, 1, 1),
('Evento 2', 'Torneio 2', '2', '13:00:00', 'Vôlei', 2, 2, 2, 2),
('Evento 3', 'Torneio 3', '3', '14:00:00', 'Vôlei', 3, 3, 3, 3),
('Evento 4', 'Torneio 4', '4', '15:00:00', 'Vôlei', 4, 4, 4, 4),
('Evento 5', 'Torneio 5', '5', '16:00:00', 'Vôlei', 5, 5, 5, 5),
('Evento 6', 'Torneio 6', '6', '17:00:00', 'Vôlei', 6, 6, 6, 6),
('Evento 7', 'Torneio 7', '7', '18:00:00', 'Vôlei', 7, 7, 7, 7),
('Evento 8', 'Torneio 8', '8', '19:00:00', 'Vôlei', 8, 8, 8, 8),
('Evento 9', 'Torneio 9', '9', '20:00:00', 'Vôlei', 9, 9, 9, 9),
('Evento 10', 'Torneio 10', '10', '21:00:00', 'Vôlei', 10, 10, 10, 10),
('Evento 11', 'Torneio 11', '11', '12:00:00', 'Vôlei', 11, 1, 11, 11),
('Evento 12', 'Torneio 12', '12', '13:00:00', 'Vôlei', 12, 2, 12, 12),
('Evento 13', 'Torneio 13', '13', '14:00:00', 'Vôlei', 13, 3, 13, 13),
('Evento 14', 'Torneio 14', '14', '15:00:00', 'Vôlei', 14, 4, 14, 14),
('Evento 15', 'Torneio 15', '15', '16:00:00', 'Vôlei', 15, 5, 15, 15),
('Evento 16', 'Torneio 16', '16', '17:00:00', 'Vôlei', 16, 6, 16, 16),
('Evento 17', 'Torneio 17', '17', '18:00:00', 'Vôlei', 17, 7, 17, 17),
('Evento 18', 'Torneio 18', '18', '19:00:00', 'Vôlei', 18, 8, 18, 18),
('Evento 19', 'Torneio 19', '19', '20:00:00', 'Vôlei', 19, 9, 19, 19),
('Evento 20', 'Torneio 20', '20', '21:00:00', 'Vôlei', 20, 10, 20, 20);

-- Inserir dados na tabela Participa
INSERT INTO Participa (IdEquipa, IdEvento) VALUES 
(1, 1),
(2, 2),
(3, 3),
(4, 4),
(5, 5),
(6, 6),
(7, 7),
(8, 8),
(9, 9),
(10, 10),
(11, 11),
(12, 12),
(13, 13),
(14, 14),
(15, 15),
(16, 16),
(17, 17),
(18, 18),
(19, 19),
(20, 20);

-- Inserir dados na tabela Patrocinador
INSERT INTO Patrocinador (Nome) VALUES 
('Nike'),
('Adidas'),
('Puma'),
('Asics'),
('Mizuno'),
('Under Armour'),
('Reebok'),
('Fila'),
('Umbro'),
('Diadora'),
('New Balance'),
('Joma'),
('Kappa'),
('Lotto'),
('Topper'),
('Penalty'),
('Olympikus'),
('Converse'),
('Champion'),
('Brooks');

-- Inserir dados na tabela Patrocina
INSERT INTO Patrocina (IdPatrocinador, IdEquipa) VALUES 
(1, 1),
(2, 2),
(3, 3),
(4, 4),
(5, 5),
(6, 6),
(7, 7),
(8, 8),
(9, 9),
(10, 10),
(11, 11),
(12, 12),
(13, 13),
(14, 14),
(15, 15),
(16, 16),
(17, 17),
(18, 18),
(19, 19),
(20, 20);
